{"cameraMode":{"drawMode":0,"name":"Shaded","section":"Shading Mode"},"sceneLighting":true,"audioPlay":false,"sceneViewState":{"showFog":true,"showMaterialUpdate":false,"showSkybox":true,"showFlares":true,"showImageEffects":true,"showParticleSystems":true},"in2DMode":false,"pivot":{"x":0.5327339768409729,"y":7.284154415130615,"z":-2.8777079582214357},"rotation":{"x":0.22124266624450684,"y":-0.6626948118209839,"z":0.21484120190143586,"w":0.6824510097503662},"size":10.428838729858399,"orthographic":false}